text_name,text_key,html_name,chunk_index,!UNRECOGNIZED,!UNTAGGED,!BLACKLISTED,AbstractConcepts,Acknowledge,Anger,Apology,Aside,Attack_Citation,Authoritative_Citation,Autobio,Biographical_Time,Cause,Citations,CommonAuthorities,CommunicatorRole,Comparison,Concessive,Confidence,ConfirmExperience,ConfirmedThght,Confront,Consequence,Contested_Citation,Contingency,Curiosity,Definition,DenyDisclaim,DialogCues,DirectAddress,DirectReasoning,Disclosure,ErrorRecovery,Example,Exceptions,Fear,Feedback,FirstPer,FollowUp,Future_Question,Future_in_Past,Generalization,GenericEvents,Immediacy,Imperative,In_Media,Inclusive,Innovations,Insist,Intensity,LangRef,MatureProcess,Metadiscourse,Motions,MoveBody,Narrative_Verbs,NegFeedback,Neg_Citation,Negative_Attribution,Negative_Relation,Negativity,Neutral_Attribution,Numbers,OpenQuery,OralCues,PersonPronoun,PersonProperty,PosFeedback,Positive_Attribution,Positivity,Precedent_Defending,Precedent_Setting,PredictedFuture,PriorKnowledge,PrivateThinking,Procedures,ProjectAhead,ProjectBack,Promise,Question,Quotation,ReasonBackward,ReasonForward,Reassure,ReceivedPOV,RecurringEvents,Reinforce,Reluctance,Repair_Citation,ReportingEvents,ReportingStates,Request,Resemblances,Resistance,Responsibility,Sad,SceneShift,SelfDisclosure,SelfReluctance,Self_Promise,SenseObject,SenseProperty,Sequence,SpaceRelation,Specifiers,Speculative_Citation,StandardsNeg,StandardsPos,SubjectivePercept,SubjectiveTime,Substitution,Support,TimeDate,TimeDuration,TimeShift,Transformation,Uncertainty,Updates,<# Word Tokens>,<# Punctuation Tokens>,<# Tokens>
AllsWellThatEndsWell.txt,allswellthatendswell,allswellthatendswell_Docuscope.html,0,1.17238546839,23.9816301385,0,2.49038569242,0.149348467311,0.175484449091,0.00373371168278,0.339767763133,0,0,0.507784788859,0.399507150058,0.104543927118,0.582459022514,1.51962065489,0.00373371168278,0.784079453385,0.171750737408,0.716872643095,0.0261359817795,0,0.0373371168278,0.0336034051451,0,1.69883881567,0.384572303327,0,1.83325243625,0.0261359817795,5.82085651346,0,0.0970765037524,0,0.0224022700967,0.216555277601,0.194153007505,0,2.80775118545,0,0.182951872456,0,0.358436321547,0.392039726692,0.537654482321,0.828883993578,0.00373371168278,0.784079453385,0.0224022700967,0.981966172572,1.88552439981,0.470447672031,0.0186685584139,0.582459022514,0.65713325617,0.0149348467311,0.306164357988,0,0.00373371168278,0.0149348467311,0.280028376209,2.34477093679,0.302430646305,0.399507150058,0.108277638801,0.65713325617,2.43438001718,2.85255572565,0.0149348467311,0.0149348467311,2.05727513721,0,0,0.608595004294,0.0298696934623,0.451779113617,0.0112011350484,1.22465743195,1.0417055595,0.0149348467311,2.28129783818,0,0.0298696934623,0.892357092185,0.0597393869245,0.0373371168278,0.321099204719,0.00746742336557,0,0.0224022700967,3.58062950379,2.57252734944,0.216555277601,0.22775641265,1.86312212971,0.126946197215,0.283762087892,0.474181383714,2.26636299145,0.0373371168278,0.0410708285106,2.88615913079,0.996901019303,0.716872643095,1.80338274278,1.46734869133,0,0.638464697756,2.90109397752,1.42627786282,0.291229511257,0.0261359817795,0.0261359817795,0.0186685584139,0.436844266886,0.287495799574,0.26882724116,0.574991599149,0.694470372998,22560,4223,26783
AnthonyAndCleopatra.txt,anthonyandcleopatra,anthonyandcleopatra_Docuscope.html,0,2.63948868544,25.9664881672,0,2.42874416998,0.100190015547,0.172741406115,0.0138193124892,0.335118327863,0,0,0.314389359129,0.352392468475,0.203834859216,0.43530834341,1.24719295215,0.0172741406115,1.0537225773,0.162376921748,0.518224218345,0.0103644843669,0.0069096562446,0.0207289687338,0.0069096562446,0,1.19882535844,0.228018656072,0,1.84487821731,0.0276386249784,4.91276558991,0.0207289687338,0.0552772499568,0,0,0.0587320780791,0.17965106236,0,2.51166004491,0.0103644843669,0.245292796683,0,0.355847296597,0.380031093453,0.704784936949,1.62376921748,0,1.09518051477,0.0034548281223,0.960442218,1.5028502332,0.60114009328,0.0138193124892,0.542408015201,1.15736742097,0.0518224218345,0.283295906029,0,0,0,0.290205562273,2.14544826395,0.293660390396,0.231473484194,0.0310934531007,0.722059077561,2.06944204526,2.42874416998,0,0.0310934531007,1.73086888927,0,0,0.549317671446,0.0449127655899,0.39039557782,0.0380031093453,1.24719295215,0.804974952496,0.0034548281223,2.42183451373,0,0.0276386249784,0.763517015029,0.034548281223,0.0656417343237,0.190015546727,0,0,0.0276386249784,3.80376576265,2.71549490413,0.13473829677,0.293660390396,1.80342027984,0.103644843669,0.269476593539,0.490585593367,1.55467265504,0.0138193124892,0.0069096562446,3.4859215754,1.16427707722,0.566591812057,2.15926757644,1.43375367075,0,0.442217999655,2.1074451546,1.4095698739,0.293660390396,0.0207289687338,0.0138193124892,0.0069096562446,0.538953187079,0.442217999655,0.459492140266,0.335118327863,0.770426671273,23796,5149,28945
AsYouLikeIt.txt,asyoulikeit,asyoulikeit_Docuscope.html,0,1.21499013807,22.83234714,0,2.13017751479,0.153846153846,0.189349112426,0,0.287968441815,0,0,0.536489151874,0.347140039448,0.149901380671,0.516765285996,1.00197238659,0.00788954635108,1.12031558185,0.169625246548,0.422090729783,0.0631163708087,0.0197238658777,0,0.0315581854043,0,1.78303747535,0.437869822485,0.00788954635108,2.06311637081,0.00788954635108,6.36291913215,0.00788954635108,0.0710059171598,0,0.0236686390533,0.244575936884,0.0907297830375,0,2.82051282051,0.0236686390533,0.22090729783,0,0.418145956607,0.418145956607,0.646942800789,0.87573964497,0.00788954635108,0.426035502959,0.00394477317554,0.710059171598,1.68047337278,0.500986193294,0.00394477317554,0.552268244576,0.840236686391,0,0.347140039448,0,0.00788954635108,0,0.394477317554,2.10256410256,0.236686390533,0.284023668639,0.0867850098619,0.923076923077,1.86587771203,2.96646942801,0.0118343195266,0.0157790927022,2.7258382643,0,0,0.741617357002,0.0315581854043,0.422090729783,0.0118343195266,1.12031558185,1.04536489152,0.0236686390533,2.54043392505,0,0.0749506903353,1.21499013807,0.0394477317554,0.0473372781065,0.272189349112,0,0,0.0276134122288,3.25049309665,2.52465483235,0.244575936884,0.343195266272,1.96055226824,0.094674556213,0.370808678501,0.378698224852,1.77909270217,0.0118343195266,0.0236686390533,3.45562130178,1.4516765286,0.879684418146,2.1775147929,1.79881656805,0,0.627218934911,2.56015779093,1.2899408284,0.307692307692,0.0197238658777,0.00788954635108,0.0315581854043,0.646942800789,0.414201183432,0.295857988166,0.366863905325,0.658777120316,21358,3992,25350
ComedyOfErrors.txt,comedyoferrors,comedyoferrors_Docuscope.html,0,1.14563443847,24.0351790777,0,1.99618121854,0.081004455245,0.283515593358,0,0.133078747903,0.0173580975525,0.011572065035,0.526528959093,0.237227333218,0.214083203148,0.584389284268,0.966267430423,0,0.636463576925,0.121506682868,0.526528959093,0.011572065035,0.0405022276225,0,0.011572065035,0,1.40021986924,0.312445755945,0.0057860325175,1.74159578777,0,5.72817219233,0.011572065035,0.109934617833,0,0.081004455245,0.104148585315,0.196725105595,0,4.01550656715,0.0173580975525,0.150436845455,0,0.312445755945,0.202511138113,0.989411560493,1.16299253602,0.0173580975525,0.613319446855,0.0057860325175,0.433952438813,1.54487068217,0.399236243708,0.011572065035,0.60174738182,0.977839495458,0.0520742926575,0.335589886015,0,0,0.0289301625875,0.364520048603,2.66157495805,0.248799398253,0.32401782098,0.0636463576925,0.746398194758,1.77631198287,3.54105190071,0,0.034716195105,1.45808019441,0,0,0.561245154198,0.0057860325175,0.376092113638,0.0173580975525,0.9257652028,0.896835040213,0.011572065035,3.17074581959,0,0.0867904877625,1.00098362553,0.0173580975525,0.011572065035,0.202511138113,0,0,0.104148585315,4.12544118498,1.9498929584,0.156222877973,0.150436845455,1.62587513742,0.13886478042,0.283515593358,0.908407105248,1.93832089336,0.04628826014,0.0173580975525,4.43788694092,1.20349476364,0.653821674478,2.76572354337,1.37707573917,0,0.798472487415,1.67216339756,1.09356014581,0.260371463288,0,0.0173580975525,0.034716195105,0.757970259793,0.306659723428,0.39345021119,0.590175316785,0.543887056645,14356,2927,17283
Coriolanus.txt,coriolanus,coriolanus_Docuscope.html,0,1.75822800651,24.9874859217,0,2.3057189338,0.0969841071205,0.244024527594,0,0.341008634714,0,0,0.33788011513,0.300337880115,0.125140783381,0.550619446878,1.74258540858,0.0093855587536,1.11688149168,0.218996370917,0.581904642723,0.0375422350144,0.046927793768,0.0625703916907,0.0093855587536,0.00312851958453,1.3953197347,0.315980478038,0,1.80828431986,0.0250281566763,5.82217494682,0.0344137154299,0.0844700287824,0,0.0156425979227,0.115755224628,0.197096733826,0,1.97096733826,0,0.13139782255,0,0.341008634714,0.484920535603,0.550619446878,1.08559629583,0.00312851958453,1.3953197347,0.0250281566763,0.919784757853,1.61118758603,0.46927793768,0.0093855587536,0.425478663496,0.997997747466,0.0500563133525,0.356651232637,0,0.00312851958453,0,0.344137154299,2.10549368039,0.412964585158,0.406707545989,0.0813415091978,0.785258415718,2.08672256288,2.39957452134,0.00625703916907,0.0250281566763,1.44224752847,0,0.0093855587536,0.488049055187,0.0218996370917,0.297209360531,0.0093855587536,1.26079339257,1.12313853085,0.00625703916907,2.5090727068,0,0.0125140783381,0.77274433738,0.0406707545989,0.0719559504442,0.231510449255,0,0,0.0250281566763,3.66662495307,2.31510449255,0.187711175072,0.394193467651,1.98660993618,0.125140783381,0.147040420473,0.541233888124,1.30772118633,0.0281566762608,0,3.65411087473,0.969841071205,0.77274433738,2.36516080591,1.56738831185,0,0.663246151921,2.75622575397,1.28582154924,0.250281566763,0.0344137154299,0.0281566762608,0,0.563133525216,0.391064948067,0.297209360531,0.475534976849,0.728945063196,26648,5316,31964
Cymbeline.txt,cymbeline,cymbeline_Docuscope.html,0,1.57504728242,25.2968716088,0,2.38427433107,0.111617523951,0.269742349549,0,0.372058413171,0,0.00310048677642,0.514680804886,0.29454624376,0.201531640468,0.350355005736,1.17818497504,0.00620097355285,1.17818497504,0.20773261402,0.477474963569,0.0124019471057,0.0155024338821,0.0434068148699,0.0310048677642,0,1.44792732459,0.288345270207,0.00620097355285,1.86959352618,0,4.76234768859,0.0279043809878,0.080612656187,0,0.0155024338821,0.161225312374,0.244938455337,0,2.49279136824,0,0.223235047903,0,0.334852571854,0.46817350324,0.666604656931,0.945648466809,0,0.989055281679,0.00930146032927,0.834030942858,1.51923852045,0.601494434626,0.00620097355285,0.508479831334,0.927045546151,0.0124019471057,0.440269122252,0,0,0.00620097355285,0.406163767712,2.49279136824,0.248038942114,0.325551111525,0.0899141165163,0.585992000744,2.10213003442,2.67572008805,0.0155024338821,0.0279043809878,1.85719157908,0,0,0.418565714817,0.021703407435,0.409264254488,0,1.12237621307,1.28980249899,0.0186029206585,2.29125972778,0,0.0496077884228,0.951849440362,0.0341053545407,0.0341053545407,0.238737481785,0,0,0.0124019471057,3.57176076644,2.82144296655,0.16432579915,0.288345270207,1.91610082783,0.114718010728,0.291445756984,0.474374476793,1.91920131461,0,0.021703407435,3.49114811025,1.11617523951,0.765820233777,2.03701981211,1.40142002294,0,0.710011471801,2.52069574923,1.37351564196,0.279043809878,0.0279043809878,0.0155024338821,0.0186029206585,0.616996868508,0.356555979289,0.334852571854,0.59839394785,0.620097355285,26857,5396,32253
Hamlet.txt,hamlet,hamlet_Docuscope.html,0,1.42172167707,25.7917038359,0,2.46710526316,0.0919937555754,0.197925958965,0.00557537912578,0.245316681534,0,0,0.487845673506,0.236953612846,0.0892060660125,0.454393398751,1.20428189117,0.0195138269402,0.942239072257,0.136596788582,0.459968777877,0.00557537912578,0.0167261373773,0.0947814451383,0.0641168599465,0.00557537912578,1.42450936664,0.393064228368,0.0139384478145,1.82872435326,0.0111507582516,5.44435771632,0.025089206066,0.225802854594,0,0.025089206066,0.122658340767,0.203501338091,0,1.9458073149,0.0223015165031,0.217439785905,0.00836306868867,0.323371989295,0.437667261374,0.702497769848,1.0593220339,0,0.889272970562,0.00836306868867,0.744313113292,1.82872435326,0.669045495094,0,0.602140945584,1.02865744871,0.0362399643176,0.25089206066,0,0,0.0111507582516,0.267618198037,2.55631132917,0.242528991971,0.301070472792,0.0836306868867,0.880909901873,1.74230597681,1.9681088314,0,0.0167261373773,1.6977029438,0,0,0.560325602141,0.0390276538805,0.590990187333,0.0223015165031,1.14574041035,0.844669937556,0.00836306868867,2.82671721677,0,0.0362399643176,0.975691347012,0.0362399643176,0.0473907225691,0.281556645852,0.00557537912578,0,0.0167261373773,3.5682426405,2.58140053524,0.0947814451383,0.412578055308,1.95138269402,0.158898305085,0.292707404103,0.60771632471,1.35481712756,0.0278768956289,0.0139384478145,3.97803300624,1.4495985727,0.691347011597,2.0433764496,1.63079839429,0,0.669045495094,2.00992417484,1.50535236396,0.284344335415,0.00557537912578,0.0139384478145,0.00836306868867,0.710860838537,0.351248884924,0.331735057984,0.582627118644,0.532448706512,29648,6224,35872
JuliusCaesar.txt,juliuscaesar,juliuscaesar_Docuscope.html,0,2.58874458874,25.2683982684,0,2.37662337662,0.021645021645,0.233766233766,0,0.168831168831,0,0.004329004329,0.246753246753,0.285714285714,0.203463203463,0.471861471861,0.952380952381,0.00865800865801,0.770562770563,0.0649350649351,0.541125541126,0,0.017316017316,0.017316017316,0.038961038961,0.004329004329,1.33766233766,0.324675324675,0.017316017316,1.92640692641,0.047619047619,5.7012987013,0.025974025974,0.103896103896,0,0.004329004329,0.160173160173,0.424242424242,0,2.2987012987,0,0.220779220779,0,0.489177489177,0.428571428571,0.991341991342,1.11255411255,0,0.991341991342,0.012987012987,0.757575757576,1.93506493506,0.489177489177,0,0.748917748918,1.11255411255,0.047619047619,0.329004329004,0.00865800865801,0,0.012987012987,0.354978354978,2.34632034632,0.220779220779,0.25974025974,0.0606060606061,0.722943722944,1.66233766234,1.61471861472,0.012987012987,0.025974025974,1.45021645022,0,0.017316017316,0.766233766234,0.0779220779221,0.4329004329,0.021645021645,1.31168831169,0.852813852814,0.012987012987,2.90043290043,0,0.034632034632,1.17316017316,0.0562770562771,0.0562770562771,0.190476190476,0,0,0.021645021645,3.45454545455,2.57575757576,0.17316017316,0.272727272727,1.7619047619,0.125541125541,0.220779220779,0.614718614719,1.45454545455,0.012987012987,0,3.44588744589,1.20779220779,0.727272727273,2.20779220779,1.43722943723,0,0.52380952381,2.15584415584,1.55411255411,0.25974025974,0,0.025974025974,0.017316017316,0.714285714286,0.506493506494,0.402597402597,0.497835497835,0.645021645022,19104,3996,23100
KingHenry4_1.txt,kinghenry41,kinghenry41_Docuscope.html,0,1.95872682756,25.2081147254,0,2.4728926198,0.0454704442113,0.230849947534,0.00699545295558,0.216859041623,0,0,0.524658971668,0.255334032879,0.0944386149003,0.53864987758,1.46204966772,0.0104931794334,0.745015739769,0.066456803078,0.636586218958,0.0104931794334,0.0139909059112,0.00699545295558,0,0.00699545295558,1.42707240294,0.262329485834,0.0139909059112,1.69639734173,0.0314795383001,5.21860790486,0.00699545295558,0.108429520811,0,0.00349772647779,0.1259181532,0.353270374257,0.0139909059112,2.44491080797,0,0.272822665268,0.0209863588667,0.405736271424,0.356768100735,0.783490731025,0.762504372158,0,0.975865687303,0.0104931794334,0.626093039524,1.68590416229,0.479188527457,0,0.619097586569,1.06680657573,0.0139909059112,0.356768100735,0,0,0.0174886323889,0.430220356768,2.3784540049,0.132913606156,0.549143057013,0.0734522560336,0.979363413781,1.30814970269,2.72123119972,0,0.0139909059112,1.47254284715,0,0,0.549143057013,0,0.262329485834,0.0209863588667,1.23819517314,0.853445260581,0,2.82966072053,0,0.0349772647779,1.09129066107,0.0699545295558,0.0699545295558,0.209863588667,0,0,0.0279818118223,3.45575376006,2.10563133963,0.0489681706891,0.36376355369,1.84679958027,0.0909408884225,0.157397691501,0.496677159846,1.62294508569,0.0104931794334,0.00699545295558,4.25673312347,1.59846100035,0.713536201469,2.33648128716,1.60195872683,0,0.724029380902,2.22805176635,1.17873382302,0.26932493879,0.0244840853445,0.0209863588667,0.111927247289,0.989856593214,0.356768100735,0.297306750612,0.409233997901,0.685554389647,23937,4653,28590
KingHenry4_2.txt,kinghenry42,kinghenry42_Docuscope.html,0,1.72263057345,25.3505164654,0,2.23747692905,0.0550464656931,0.158663342292,0.0129521095748,0.242852054528,0,0,0.508370300813,0.259042191497,0.155425314898,0.511608328206,1.63520383382,0.00971408218114,0.845125149759,0.0906647670239,0.5666547939,0.0291422465434,0.00647605478742,0.00647605478742,0.0323802739371,0.00323802739371,1.14949972477,0.246090081922,0.00647605478742,1.58015736813,0.0129521095748,5.79930706214,0,0.100378849205,0,0.0388563287245,0.0356183013308,0.197519671016,0,2.46737687401,0,0.191043616229,0,0.352944985915,0.349706958521,0.770650519703,0.932551889389,0.00647605478742,0.796554738853,0.0194281643623,0.935789916783,1.57691934074,0.463037917301,0.00323802739371,0.511608328206,1.04588284817,0.0194281643623,0.323802739371,0.0129521095748,0,0.0129521095748,0.336754848946,2.48032898358,0.152187287504,0.372373150277,0.0356183013308,0.964932163326,1.46682640935,3.48087944824,0.0161901369686,0.00971408218114,1.70967846388,0,0.00971408218114,0.576368876081,0.0356183013308,0.391801314639,0.0194281643623,1.06854903992,0.893695560664,0.00323802739371,2.25690509342,0,0.045332383512,1.13978564259,0.0906647670239,0.0323802739371,0.17485347926,0,0,0.0161901369686,3.53268788654,2.29576142214,0.13923517793,0.320564711977,1.54130103941,0.0777126574491,0.220185862772,0.534274519962,1.55425314898,0.0194281643623,0.0161901369686,4.20943561183,1.91367418968,0.705889971829,2.25042903863,1.35673347797,0,0.650843506136,2.67461062721,1.10740536865,0.25256613671,0.0129521095748,0.00647605478742,0.0194281643623,0.605511122624,0.284946410647,0.42741961597,0.404753424214,0.686461807467,25747,5136,30883
KingHenry5.txt,kinghenry5,kinghenry5_Docuscope.html,0,2.11265205984,26.9533512795,0,2.74304017446,0.0613350598017,0.214672709306,0.00681500664463,0.255562749174,0,0.00340750332232,0.153337649504,0.361195352165,0.139707636215,0.480457968447,1.96272191365,0.0204450199339,0.722390704331,0.156745152827,0.47023545848,0.0136300132893,0.0170375166116,0.0204450199339,0.0272600265785,0.0102225099669,1.3289262957,0.207857702661,0,1.40048386547,0.0374825365455,4.42975431901,0.0477050465124,0.126077622926,0,0.00340750332232,0.197635192694,0.214672709306,0,1.86049681398,0.0170375166116,0.255562749174,0,0.429345418612,0.436160425256,0.654240637885,0.879135857157,0,1.35618632228,0.0102225099669,0.814393294033,1.60152656149,0.436160425256,0.00340750332232,0.538385524926,1.03588100998,0.0238525232562,0.272600265785,0,0.00681500664463,0.0272600265785,0.354380345521,2.3818448223,0.156745152827,0.436160425256,0.0238525232562,0.45660544519,1.76849422428,2.99860292364,0.00681500664463,0.064742563124,1.66286162129,0,0,0.695130677752,0.0477050465124,0.419122908645,0.0204450199339,1.01543599005,0.654240637885,0.0340750332232,1.58448904488,0,0.0306675299008,1.31529628241,0.0579275564794,0.0920025897025,0.197635192694,0.00681500664463,0,0.0170375166116,3.59491600504,2.63400006815,0.102225099669,0.344157835554,1.64241660136,0.109040106314,0.105632602992,0.50090298838,1.19603366613,0,0.0374825365455,4.51834940539,1.47885644189,0.681500664463,1.95590690701,1.79234674754,0,0.790540770777,2.54881248509,1.35277881896,0.214672709306,0.0170375166116,0.0102225099669,0.0340750332232,0.534978021604,0.327120318942,0.402085392033,0.357787848843,0.657648141207,24859,4488,29347
KingHenry6_1.txt,kinghenry61,kinghenry61_Docuscope.html,0,2.02211170934,25.835354075,0,2.4290000411,0.0246598988944,0.369898483416,0.00821996629814,0.164399325963,0,0.00821996629814,0.365788500267,0.419218281205,0.197279191155,0.295918786733,1.95635197896,0,0.678147219596,0.0780896798323,0.501417944186,0,0,0.0205499157453,0.0246598988944,0.0205499157453,1.36862438864,0.328798651926,0,1.46315400107,0.0205499157453,5.08815913855,0.0205499157453,0.139739427068,0,0.0164399325963,0.184949241708,0.250708972093,0,2.45776992314,0.0123299494472,0.226049073199,0,0.324688668776,0.468538078994,0.785006781472,0.953516090584,0,0.920636225391,0.0205499157453,0.550737741975,1.47548395052,0.415108298056,0.00821996629814,0.390448399162,0.879536393901,0.0246598988944,0.295918786733,0,0.00410998314907,0.00410998314907,0.702807118491,2.77834860877,0.168509309112,0.287698820435,0.0164399325963,0.480868028441,1.61522337758,2.86876823805,0.0123299494472,0.0410998314907,1.59056347869,0.0123299494472,0,0.785006781472,0.0246598988944,0.320578685627,0.0123299494472,1.18778513008,0.891866343348,0.0246598988944,2.03444165879,0,0.0698697135342,1.43027413588,0.0657597303851,0.0369898483416,0.152069376516,0,0,0.0164399325963,3.37429616539,2.28515063088,0.0698697135342,0.242489005795,2.08376145658,0.0698697135342,0.234269039497,0.567177674572,1.30286465825,0,0.0287698820435,3.73186469935,1.38506432124,0.895976326497,2.16185113641,1.52891373145,0,0.932966174839,2.95507788418,1.36862438864,0.300028769882,0.061649747236,0.0246598988944,0.00821996629814,0.830216596112,0.254818955242,0.300028769882,0.337018618224,0.517857876783,20498,3833,24331
KingHenry6_2.txt,kinghenry62,kinghenry62_Docuscope.html,0,1.89112336839,26.0235020042,0,2.47353455069,0.123334132721,0.322039124328,0.00685189626229,0.106204392066,0,0,0.356298605639,0.393984035082,0.188427147213,0.383706190688,2.44955291377,0,0.702319366885,0.137037925246,0.383706190688,0.00685189626229,0.0205556887869,0.0445373257049,0.023981636918,0.0274075850492,1.26760080852,0.222686628524,0.00685189626229,1.30186028984,0.00685189626229,4.9607728939,0.0171297406557,0.198704991606,0,0.0171297406557,0.106204392066,0.318613176197,0,2.35020041797,0.0102778443934,0.208982836,0,0.44879920518,0.339168864983,0.743430744459,0.931857891672,0,0.753708588852,0,0.582411182295,1.24019322347,0.445373257049,0,0.445373257049,1.12371098702,0.00685189626229,0.32889102059,0,0.00685189626229,0.00342594813115,0.435095412655,2.80242557128,0.140463873377,0.332316968721,0.0411113775737,0.743430744459,1.62047346603,2.75446229744,0,0,1.48343554079,0,0,0.592689026688,0.023981636918,0.284353694885,0.0102778443934,1.55880639967,0.863338929049,0.0171297406557,2.59001678715,0,0.0890746514098,1.20935969029,0.0376854294426,0.0205556887869,0.191853095344,0,0,0.0102778443934,3.63835691528,2.52149782452,0.106204392066,0.274075850492,1.79862276885,0.106204392066,0.390558086951,0.53787385659,1.63417725856,0.0102778443934,0.0137037925246,4.42632498544,1.19222994964,0.798245914557,2.14121758197,1.33954571928,0,0.979821165508,2.33307067731,1.05861797252,0.301483435541,0.0376854294426,0.0274075850492,0.0308335331803,0.620096611737,0.284353694885,0.287779643016,0.243242317311,0.555003597246,24421,4768,29189
KingHenry6_3.txt,kinghenry63,kinghenry63_Docuscope.html,0,2.07050520327,25.2997731446,0,2.05970256743,0.0684166936733,0.298872924994,0.0144035144575,0.140434265961,0,0,0.406899283425,0.306074682222,0.180043930719,0.370890497281,2.03809729574,0.00360087861438,0.810197688236,0.133232508732,0.342083468366,0.0144035144575,0.0180043930719,0.0504123006013,0.00720175722876,0.0144035144575,1.38273738792,0.306074682222,0.00720175722876,1.35393035901,0.00720175722876,4.88999315833,0.0180043930719,0.108026358431,0,0,0.100824601203,0.284469410536,0,2.63944402434,0.0324079075294,0.198048323791,0,0.356486982824,0.284469410536,0.810197688236,0.651759029203,0,1.01184689064,0,0.712973965648,1.0514565554,0.446508948183,0,0.572539699687,1.03705304094,0.0324079075294,0.374491375896,0,0,0,0.489719491556,2.34057109935,0.118828994275,0.302473803608,0.0684166936733,0.864210867452,1.71761909906,3.66209355083,0.0216052716863,0.0504123006013,1.78243491412,0,0,0.590544092759,0.0180043930719,0.306074682222,0.0288070289151,1.48716286774,0.810197688236,0.0108026358431,2.58903172374,0,0.0252061503007,1.53037341111,0.0504123006013,0.0108026358431,0.241258867164,0,0,0.0180043930719,3.35241798999,2.35857549242,0.0648158150589,0.284469410536,2.2289438623,0.0684166936733,0.64095639336,0.565337942458,1.44395232437,0,0.0288070289151,4.26344027943,1.33232508732,0.73097835872,2.20013683339,1.29271542256,0,0.705772208419,2.32256670628,0.972237225883,0.284469410536,0.0180043930719,0.0216052716863,0.0216052716863,0.882215260524,0.219653595477,0.298872924994,0.338482589752,0.604947607216,23281,4490,27771
KingHenry8.txt,kinghenry8,kinghenry8_Docuscope.html,0,0.981410508972,25.6133815681,0,2.27443676349,0.19699845983,0.139689816971,0.0286543214299,0.275797843762,0.00716358035746,0,0.365342598231,0.351015437516,0.193416669651,0.411905870554,2.09534725456,0.0179089508937,0.916938285755,0.107453705362,0.580250008954,0.0322361116086,0.0429814821448,0.100290125004,0.0250725312511,0.0107453705362,1.43629786167,0.293706794656,0.0143271607149,1.56166051793,0,5.04674236183,0.0143271607149,0.164762348222,0,0.0322361116086,0.0895447544683,0.28296142412,0,2.49650775458,0,0.146853397328,0,0.644722232172,0.436978401805,0.906192915219,0.755757727712,0.00358179017873,0.698449084853,0.00358179017873,0.838138901823,1.72642286615,0.397578709839,0.00358179017873,0.576668218776,0.805902790215,0.0214907410724,0.408324080375,0,0.00716358035746,0,0.300870375013,1.99863891973,0.272216053584,0.372506178588,0.0501450625022,0.644722232172,2.03445682152,3.15197535728,0,0.00716358035746,1.96282101794,0,0,0.454887352699,0.00716358035746,0.469214513414,0.0214907410724,1.25004477238,0.992155879509,0.0107453705362,1.99147533937,0,0.0214907410724,0.888283964325,0.0823811741108,0.053726852681,0.286543214299,0,0,0.00716358035746,3.266592643,2.36756330814,0.175507718758,0.272216053584,1.583151259,0.179089508937,0.333106486622,0.573086428597,1.71209570543,0.0752175937534,0.0214907410724,3.04093986174,1.0602098929,0.816648160751,2.12041978581,1.79805866972,0,0.702030875031,3.54239048677,1.57240588846,0.372506178588,0,0.0107453705362,0.0143271607149,0.601740750027,0.354597227694,0.333106486622,0.462050933056,0.723521616104,23332,4587,27919
KingJohn.txt,kingjohn,kingjohn_Docuscope.html,0,1.48818208345,25.6867731043,0,2.62203509942,0.0333486181166,0.329317603902,0,0.183417399642,0,0.00833715452916,0.521072158072,0.179248822377,0.125057317937,0.550252198925,1.54237358789,0.0125057317937,0.754512484889,0.112551586144,0.404351994664,0,0.0250114635875,0.0458543499104,0.0166743090583,0.00416857726458,1.29225895202,0.30013756305,0,1.47984492893,0,4.81053816332,0.050022927175,0.166743090583,0,0.0208428863229,0.14590020426,0.329317603902,0,2.1301429822,0,0.187585976906,0,0.333486181166,0.441869190045,0.84622118471,0.904581266414,0.00416857726458,1.01296427529,0.00833715452916,0.658635207804,1.93421985076,0.583600817041,0,0.487723539956,1.11717870691,0.0333486181166,0.225103172287,0,0,0.00416857726458,0.458543499104,2.65121514027,0.0625286589687,0.275126099462,0.0208428863229,0.537746467131,1.57155362875,2.93884697153,0.0166743090583,0.0166743090583,1.8716911918,0,0,0.612780857893,0.0166743090583,0.325149026637,0.0333486181166,1.32560757014,0.737838175831,0.00833715452916,2.15932302305,0,0.0208428863229,1.0588186252,0.0541915044395,0.0208428863229,0.283463253991,0,0,0.0291800408521,3.71837092001,2.0592771687,0.0917086998208,0.279294676727,1.8716911918,0.0875401225562,0.304306140314,0.600275126099,1.41731626996,0,0.0166743090583,4.51456917754,1.6007336696,0.742006753095,2.32189753637,1.49651923798,0,0.89207553462,2.67622660386,1.41731626996,0.212597440494,0.0166743090583,0,0.0166743090583,0.704489557714,0.362666222018,0.354329067489,0.404351994664,0.558589353454,20398,3591,23989
KingLear.txt,kinglear,kinglear_Docuscope.html,0,1.29017581489,25.4752851711,0,2.41461115986,0.0779955152579,0.318481687303,0.00649962627149,0.237236358909,0,0,0.510220662312,0.211237853823,0.142991777973,0.402976828832,1.09518702675,0,1.05293945598,0.162490656787,0.526469727991,0.0324981313574,0.00649962627149,0.100744207208,0.0292483182217,0,1.42016834032,0.341230379253,0.00649962627149,1.91089012382,0.00649962627149,5.96015729096,0.00649962627149,0.0552468233077,0,0.00974943940723,0.0487471970362,0.243735985181,0,2.55760293783,0,0.19823860128,0,0.35097981866,0.321731500439,0.688960384778,1.50466348185,0,0.779955152579,0.00649962627149,0.776705339443,1.37792076956,0.526469727991,0.00649962627149,0.487471970362,0.968444314452,0.0747457021221,0.409476455104,0,0,0,0.45822365214,3.26606220142,0.139741964837,0.32823112671,0.0227486919502,0.65646225342,1.7548990933,3.04182509506,0,0.0227486919502,1.53066198694,0,0,0.497221409769,0.0194988788145,0.393227389425,0.0584966364434,1.14068441065,0.753956647493,0,3.18156705989,0,0.0357479444932,0.695460011049,0.0324981313574,0.012999252543,0.230736732638,0,0,0.0227486919502,3.84452893959,2.10587891196,0.142991777973,0.250235611452,1.4819147899,0.159240843651,0.315231874167,0.464723278411,1.73865002762,0.00974943940723,0.0292483182217,3.7730330506,1.64440544669,0.604465243249,1.90764031068,1.34867245133,0,0.864450294108,2.27486919502,1.24792824413,0.243735985181,0.0162490656787,0.012999252543,0,0.526469727991,0.214487666959,0.318481687303,0.45822365214,0.56546748562,25242,5529,30771
KingRichard2.txt,kingrichard2,kingrichard2_Docuscope.html,0,1.78293366552,25.4087511679,0,2.57707879165,0.0583930239801,0.190750545002,0,0.280286515104,0,0,0.467144191841,0.206322018063,0.128464652756,0.502180006229,1.8646838991,0.00389286826534,0.716287760822,0.144036125818,0.471037060106,0,0.011678604796,0.00778573653068,0.023357209592,0.00389286826534,1.14450327001,0.198536281532,0.0155714730614,1.62332606665,0,4.33665524759,0.0272500778574,0.171286203675,0,0,0.179071940206,0.253036437247,0,2.79897228278,0.023357209592,0.22578635939,0,0.474929928371,0.393179694799,0.618966054189,0.961538461538,0,0.953752725008,0.00778573653068,0.69293055123,1.60386172532,0.560573030209,0,0.385393958268,1.01993148552,0.023357209592,0.256929305512,0,0.00389286826534,0.0155714730614,0.420429772656,2.89240112115,0.120678916225,0.358143880411,0.0622858922454,0.498287137963,1.59607598879,2.52257863594,0.011678604796,0.0272500778574,1.78293366552,0,0,0.447679850514,0.00389286826534,0.377608221738,0,1.18732482093,0.69293055123,0.00778573653068,2.31236374961,0,0.0778573653068,1.03550295858,0.0311429461227,0.011678604796,0.268607910308,0,0,0.0272500778574,3.77608221738,2.19168483339,0.0622858922454,0.260822173778,2.09047025849,0.101214574899,0.677359078169,0.712394892557,1.46371846777,0.035035814388,0.023357209592,4.39504827157,1.93475552787,0.80971659919,2.42136406104,1.36639676113,0,0.887573964497,2.53425724073,1.15228900654,0.330893802554,0.011678604796,0.00778573653068,0.0155714730614,0.763002180006,0.245250700716,0.334786670819,0.358143880411,0.443786982249,21782,3906,25688
KingRichard3.txt,kingrichard3,kingrichard3_Docuscope.html,0,1.57978817821,25.2559020176,0,1.99396485415,0.076918525531,0.381634222827,0.00295840482812,0.233713981421,0,0,0.467427962842,0.301757292468,0.130169812437,0.485178391811,1.94958878173,0,0.656765871842,0.0710017158748,0.417135080764,0.00887521448435,0.00887521448435,0.0798769303592,0.0295840482812,0.0207088337968,1.24844683747,0.284006863499,0.0147920241406,1.50286965268,0.0118336193125,5.81326548725,0.0207088337968,0.233713981421,0,0.0118336193125,0.100585764156,0.378675817999,0,2.90811194604,0,0.195254718656,0.00887521448435,0.396426246968,0.340216555233,0.683391515295,1.0946097864,0.00295840482812,0.778060469795,0.0147920241406,0.680433110467,1.37269984025,0.494053606295,0.00295840482812,0.417135080764,0.822436542216,0.0295840482812,0.355008579374,0,0,0,0.505887225608,3.0619489971,0.133128217265,0.218921957281,0.0325424531093,0.730725992545,1.76025087273,2.97615525709,0.0177504289687,0.0177504289687,2.17442754867,0.00887521448435,0,0.630140228389,0.0118336193125,0.426010295249,0.0414176675936,1.14490266848,0.852020590498,0.00591680965623,2.56493698598,0,0.0887521448435,1.16856990711,0.0266256434531,0.0384592627655,0.213005147624,0,0,0.0266256434531,3.23945328679,2.12413466659,0.115377788297,0.144961836578,1.80166854032,0.115377788297,0.511804035264,0.50292882078,1.83716939826,0.0207088337968,0.0295840482812,3.41104076682,1.43778474646,0.76918525531,1.93183835276,1.31649014851,0,0.739601207029,2.80456777705,1.16265309745,0.281048458671,0.0236672386249,0.0325424531093,0.0236672386249,0.763268445654,0.319507721437,0.328382935921,0.352050174546,0.61238979942,28249,5553,33802
LovesLaboursLost.txt,loveslabourslost,loveslabourslost_Docuscope.html,0,1.81126392137,26.0314692244,0,2.48107486822,0.0871943244422,0.130791486663,0.00792675676747,0.182315405652,0,0,0.36066743292,0.198168919187,0.186278784036,0.475605406048,1.23657405573,0.0317070270699,0.879870001189,0.138718243431,0.535056081804,0.0237802703024,0.0198168919187,0.059450675756,0.0198168919187,0.00396337838373,1.04236851492,0.372557568071,0,1.60516824541,0.0198168919187,4.64507946574,0.00792675676747,0.150608378582,0,0.0118901351512,0.178352027268,0.118901351512,0,2.15211446237,0.0118901351512,0.245729459792,0.0118901351512,0.467678649281,0.336887162617,0.622250406246,0.764932028061,0.00792675676747,0.59450675756,0.0118901351512,0.582616622409,1.79144702945,0.792675676747,0.00396337838373,0.6579208117,0.939320676945,0.0237802703024,0.269509730094,0,0,0,0.277436486861,2.21156513812,0.190242162419,0.558836352107,0.110974594745,0.824382703817,1.32773175855,2.9487535175,0.00792675676747,0.0237802703024,2.53259878721,0,0.0118901351512,0.75304189291,0.0356704054536,0.293290000396,0,0.95517419048,0.879870001189,0.0158535135349,2.63961000357,0,0.0475605406048,1.21279378542,0.0673774325235,0.0356704054536,0.182315405652,0,0,0.0198168919187,3.2896040585,2.69509730094,0.182315405652,0.321033649082,1.68443581309,0.0792675676747,0.214022432722,0.428044865443,1.37925567754,0,0.0158535135349,4.51825135746,1.83900757005,0.725298244223,1.8508977052,1.75974000238,0,0.697554595537,2.77436486861,1.36736554239,0.217985811105,0.0396337838373,0,0,0.879870001189,0.380484324838,0.289326622013,0.42408148706,0.439935000595,20624,4607,25231
Macbeth.txt,macbeth,macbeth_Docuscope.html,0,1.78987932258,24.7439407768,0,2.67214278471,0.121691512017,0.268735422371,0.0101409593348,0.329581178379,0,0,0.238312544367,0.354933576716,0.147043910354,0.365074536051,1.07494168948,0.00507047966738,0.796065307778,0.187607747693,0.466484129399,0,0.0253523983369,0.0608457560085,0.040563837339,0,1.30311327452,0.319440219045,0,1.62255349356,0.0101409593348,4.36568299361,0.040563837339,0.131832471352,0,0.0152114390021,0.157184869689,0.50197748707,0,1.99776898895,0,0.238312544367,0.0152114390021,0.441131731062,0.512118446405,0.770712909441,1.29297231518,0,1.24226751851,0.00507047966738,0.806206267113,1.50593246121,0.410708853057,0,0.471554609066,1.51607342055,0.0557752763411,0.354933576716,0,0.00507047966738,0,0.40563837339,2.71270662205,0.299158300375,0.283946861373,0.0456343170064,0.537470844742,1.6783287699,2.07382618396,0.0101409593348,0.0152114390021,1.55156677822,0,0,0.446202210729,0.00507047966738,0.486766048068,0.0202819186695,1.27269039651,1.01916641314,0.0101409593348,2.8749619714,0,0.0152114390021,0.765642429774,0.0253523983369,0.0507047966738,0.243383024034,0,0,0.0202819186695,3.55440624683,2.94087820708,0.141973430687,0.40563837339,1.90142987527,0.0253523983369,0.273805902038,0.557752763411,1.49579150188,0,0,4.11722948991,1.58198965622,0.674373795761,2.46425311834,1.58706013589,0,0.765642429774,2.30199776899,1.50086198154,0.299158300375,0.0253523983369,0.0253523983369,0.0101409593348,0.659162356759,0.370145015718,0.349863097049,0.552682283744,0.740290031437,16479,3243,19722
MeasureForMeasure.txt,measureformeasure,measureformeasure_Docuscope.html,0,1.62763466042,23.8602654176,0,2.51756440281,0.183450429352,0.160031225605,0.00780640124902,0.16393442623,0,0,0.370804059329,0.339578454333,0.15612802498,0.444964871194,1.56518345043,0,0.999219359875,0.160031225605,0.698672911788,0.015612802498,0.0195160031226,0.0312256049961,0.0390320062451,0,1.65495706479,0.36299765808,0,1.67447306792,0.0390320062451,6.37392661983,0,0.187353629977,0,0.0312256049961,0.152224824356,0.206869633099,0,2.16237314598,0.0117096018735,0.202966432475,0,0.304449648712,0.394223263076,0.733801717408,1.04605776737,0,0.632318501171,0.0117096018735,0.850897736144,1.82279469165,0.542544886807,0.0117096018735,0.722092115535,0.671350507416,0.0351288056206,0.218579234973,0,0.00390320062451,0.00390320062451,0.413739266198,2.30288836846,0.24199843872,0.366900858704,0.0819672131148,0.733801717408,2.06479313037,2.89227166276,0,0.0234192037471,1.89695550351,0,0,0.526932084309,0.0429352068696,0.573770491803,0.0351288056206,1.29976580796,0.843091334895,0.015612802498,2.90788446526,0,0.0897736143638,1.08899297424,0.0546448087432,0.0468384074941,0.281030444965,0,0,0.0273224043716,3.71194379391,2.6268540203,0.148321623731,0.218579234973,2.06088992974,0.113192818111,0.140515222482,0.48399687744,1.65886026542,0.0234192037471,0.0195160031226,2.24043715847,0.889929742389,0.581576893052,1.94379391101,1.47540983607,0,1.06947697112,2.84153005464,1.51444184231,0.300546448087,0.0234192037471,0.0312256049961,0.015612802498,0.768930523029,0.269320843091,0.312256049961,0.511319281811,0.725995316159,21295,4325,25620
MerchantOfVenice.txt,merchantofvenice,merchantofvenice_Docuscope.html,0,1.60045265328,23.7642969729,0,2.21072626601,0.149537242857,0.193994261003,0.00808309420846,0.274825203088,0,0,0.557733500384,0.303116032817,0.113163318918,0.529442670654,1.15992401891,0,1.07100998262,0.13337105444,0.533484217759,0.0121246413127,0.0242492826254,0.0323323768339,0.0202077355212,0,1.56812027644,0.270783655984,0.0161661884169,1.88336095057,0.0323323768339,5.28634361233,0.00808309420846,0.13337105444,0,0.00404154710423,0.109121771814,0.177828072586,0,3.22515458918,0.0121246413127,0.218243543629,0,0.34353150386,0.355656145172,0.719395384553,0.925514286869,0.00808309420846,0.444570181465,0.0161661884169,0.94572202239,1.75403144324,0.31524067413,0.00404154710423,0.622398254052,0.739603120074,0.00808309420846,0.242492826254,0,0,0.0161661884169,0.246534373358,2.00056581659,0.169744978378,0.565816594592,0.153578789961,0.800226326638,1.49537242857,2.8614153498,0,0.0242492826254,2.12989532393,0,0,0.674938366407,0.00808309420846,0.480944105404,0.0282908297296,1.31350280888,0.691104554824,0.00808309420846,2.21880936022,0,0.0484985652508,1.22863031969,0.0929555833973,0.0929555833973,0.242492826254,0,0,0.0404154710423,4.06983793396,2.42492826254,0.13337105444,0.234409732045,1.70553287799,0.0969971305016,0.222285090733,0.586024330114,2.04906438185,0.0161661884169,0.0606232065635,3.90817604979,1.35795982702,0.7638524027,2.09352139999,1.87123630926,0,0.683021460615,2.53405003435,1.37008446833,0.242492826254,0.0727478478762,0.0121246413127,0.0404154710423,0.909348098452,0.44861172857,0.424362445944,0.408196257527,0.545608859071,20924,3819,24743
MerryWivesOfWindsor.txt,merrywivesofwindsor,merrywivesofwindsor_Docuscope.html,0,2.05007884919,24.639409208,0,2.16931420439,0.176929881919,0.173083580138,0.00769260356168,0.111542751644,0,0,0.534635947536,0.13846686411,0.123081656987,0.538482249317,0.750028847263,0,0.546174852879,0.130774260548,0.607715681372,0.0538482249317,0.0500019231509,0.0692334320551,0.0192315089042,0,1.47313358206,0.353859763837,0.0115389053425,1.45005577138,0.00769260356168,5.5194430555,0.0115389053425,0.0923112427401,0,0.00384630178084,0.0576945267126,0.203853994384,0,3.13858225316,0.023077810685,0.257702219316,0,0.31924304781,0.403861686988,0.592330474249,1.47313358206,0.00384630178084,0.450017308358,0,0.865417900688,1.37312973576,0.380783876303,0.00384630178084,0.876956806031,0.853878995346,0.0384630178084,0.238470710412,0,0.00384630178084,0.023077810685,0.315396746029,1.85776376014,0.257702219316,0.538482249317,0.0346167160275,1.30005000192,2.03469364206,4.4770952729,0.0115389053425,0.00769260356168,2.0270010385,0,0,1.00773106658,0.0423093195892,0.36924497096,0.0269241124659,1.25004807877,0.657717604523,0.023077810685,3.03473210508,0,0.0346167160275,0.607715681372,0.0307704142467,0.0500019231509,0.203853994384,0.00769260356168,0,0,3.29628062618,2.61548521097,0.126927958768,0.288472633563,1.40774645179,0.0769260356168,0.0923112427401,0.434632101235,2.25777914535,0.0384630178084,0.0346167160275,4.38093772837,1.13465902535,0.45770991192,2.26931805069,1.45774837494,0,0.580791568906,1.70391168891,1.10773491288,0.257702219316,0.0192315089042,0,0.0307704142467,0.500019231509,0.27693372822,0.334628254933,0.361552367399,0.853878995346,21019,4980,25999
MidsummerNightsDream.txt,midsummernightsdream,midsummernightsdream_Docuscope.html,0,2.46620575792,25.6062325869,0,1.83159632649,0.0412754101744,0.196058198328,0,0.232174182231,0,0.0051594262718,0.433391806831,0.31472500258,0.0722319678052,0.340522133939,0.681044267877,0.0154782788154,0.877102466206,0.123826230523,0.433391806831,0.0309565576308,0.0206377050872,0.0361159839026,0.0103188525436,0,1.31565369931,0.268290166134,0.0103188525436,1.99153854091,0,5.26261479723,0.0103188525436,0.0980290991642,0,0.0154782788154,0.139304509339,0.294087297493,0,2.5797131359,0,0.247652461046,0.0154782788154,0.505623774636,0.309565576308,0.712000825508,0.969972139098,0,0.650087710247,0.0154782788154,0.877102466206,1.53234960272,0.583015168713,0,0.546899184811,1.30533484677,0.025797131359,0.268290166134,0,0,0.0103188525436,0.428232380559,2.28562583841,0.0928696728924,0.423072954287,0.0309565576308,0.629450005159,1.47043648746,1.82643690022,0,0,2.6158291198,0,0,0.619131152616,0,0.484986069549,0.025797131359,1.0422041069,0.464348364462,0,2.27014755959,0,0.0877102466206,1.43432050356,0.0619131152616,0.0103188525436,0.180579919513,0,0,0.0103188525436,3.77154060468,2.01733567227,0.123826230523,0.299246723764,1.44979878238,0.0722319678052,0.206377050872,0.469507790734,1.60458157053,0,0.0722319678052,5.4328758642,2.3784955113,0.846145908575,2.27014755959,1.25374058405,0,0.428232380559,1.96058198328,1.65617583325,0.232174182231,0.0103188525436,0,0,0.887421318749,0.278609018677,0.31472500258,0.541739758539,0.598493447529,16036,3346,19382
MuchAdoAboutNothing.txt,muchadoaboutnothing,muchadoaboutnothing_Docuscope.html,0,1.16204262163,23.1805388018,0,1.76919983916,0.160836349015,0.148773622839,0.00804181745074,0.209087253719,0,0,0.579010856454,0.454362685967,0.10454362686,0.542822677925,1.0936871733,0.00402090872537,0.792119018898,0.124648170487,0.627261761158,0.0281463610776,0.0482509047045,0.0402090872537,0.064334539606,0,1.75311620426,0.265379975875,0.00804181745074,2.19139525533,0.0160836349015,6.15199034982,0.0241254523522,0.184961801367,0,0.032167269803,0.225170888621,0.144752714113,0,2.81865701649,0.0120627261761,0.193003618818,0,0.402090872537,0.518697225573,0.59107358263,1.00120627262,0,0.390028146361,0.00804181745074,0.844390832328,1.92601527945,0.550864495376,0,0.530759951749,0.70365902694,0.0361881785283,0.241254523522,0,0,0.00804181745074,0.422195416164,2.14716525935,0.281463610776,0.377965420185,0.10454362686,1.21029352634,2.10695617209,3.63490148774,0.0120627261761,0.0201045436269,2.31202251709,0,0,0.924809006836,0.0281463610776,0.438279051066,0.0201045436269,1.06554081222,0.852432649779,0.00804181745074,2.53317249698,0,0.0442299959791,1.15802171291,0.0562927221552,0.0562927221552,0.144752714113,0,0,0.0281463610776,3.39364696421,2.25170888621,0.152794531564,0.257338158424,1.89384800965,0.0603136308806,0.357860876558,0.450341777242,2.03457981504,0.0522718134298,0.00804181745074,2.87092882992,1.05347808605,0.767993566546,1.77322074789,1.76919983916,0,0.70365902694,2.70205066345,1.5681544029,0.209087253719,0.0201045436269,0.00804181745074,0.032167269803,0.631282669883,0.462404503418,0.361881785283,0.454362685967,0.796139927624,20788,4082,24870
Othello.txt,othello,othello_Docuscope.html,0,1.74308450171,24.7031703928,0,2.56094480232,0.0821018062397,0.262094227611,0.034735379563,0.0884173297966,0,0,0.473664266768,0.211570039156,0.129468232917,0.508399646331,1.03574586333,0,0.751547303271,0.173676897815,0.565239358343,0.0442086648983,0.0442086648983,0.0599974737906,0.0410509031199,0.00315776177845,1.51888341544,0.281040798282,0.0063155235569,1.9641278262,0.0126310471138,5.37451054692,0.0189465706707,0.243147656941,0,0.0157888088923,0.167361374258,0.221043324492,0,2.81040798282,0.0157888088923,0.227358848049,0,0.337880510294,0.435771125426,0.779967159278,0.953644057092,0.00947328533535,0.457875457875,0.0063155235569,0.827333585954,2.02412529999,0.647341164583,0.00315776177845,0.653656688139,0.887331059745,0.0378931413414,0.303145130731,0,0.0063155235569,0.0157888088923,0.322091701402,2.80093469749,0.208412277378,0.233674371605,0.0757862826828,0.912593153972,2.11570039156,1.76518883415,0.0063155235569,0.0157888088923,2.10938486801,0,0.00947328533535,0.502084122774,0.0126310471138,0.539977264115,0.0157888088923,1.10521662246,0.783124921056,0.0063155235569,3.33459643804,0,0.0505241884552,0.846280156625,0.0315776177845,0.0410509031199,0.239989895162,0,0,0.0221043324492,3.38827838828,2.57673361122,0.189465706707,0.186307944929,1.92307692308,0.145257041809,0.262094227611,0.536819502337,2.01465201465,0.0410509031199,0.0126310471138,2.99355816597,1.21258052293,0.565239358343,1.85992168751,1.46835922698,0,0.852595680182,2.61778451434,1.34520651762,0.258936465833,0.00947328533535,0.0221043324492,0.0221043324492,0.622079070355,0.290514083618,0.30630289251,0.656814449918,0.732600732601,25941,5727,31668
RomeoAndJuliet.txt,romeoandjuliet,romeoandjuliet_Docuscope.html,0,1.96044770995,25.4137197006,0,1.89521389824,0.0789672457598,0.147634415986,0.0171667925565,0.250635171325,0,0,0.357069285175,0.247201812813,0.10643411385,0.552770720319,0.854906269313,0,0.837739476756,0.0961340383163,0.336469134107,0.0171667925565,0.0137334340452,0.0206001510678,0.0206001510678,0.00686671702259,1.1536084598,0.271235322392,0.0171667925565,1.64801208542,0.0137334340452,4.76206825517,0.0103000755339,0.0721005287372,0,0.0103000755339,0.154501133008,0.240335095791,0.0137334340452,2.72265329946,0,0.219734944723,0,0.367369360709,0.240335095791,0.844606193779,1.19824212044,0.00686671702259,0.50470370116,0.0206001510678,0.76907230653,1.41797706517,0.827439401222,0.0034333585113,0.456636682002,1.23257570556,0.0412003021355,0.192268076633,0,0,0.0137334340452,0.422303096889,3.02478884845,0.130467623429,0.357069285175,0.0274668680904,0.87550642038,1.54844468859,2.58875231752,0.0103000755339,0.0206001510678,2.49948499622,0.0103000755339,0,0.587104305432,0.00686671702259,0.353635926663,0.0103000755339,1.21197555449,0.782805740575,0.00686671702259,2.69518643137,0,0.0686671702259,1.19137540342,0.0446336606468,0.0515003776694,0.202568152166,0,0,0.0240335095791,3.71146055071,2.45485133558,0.120167547895,0.199134793655,1.69951246309,0.0961340383163,0.539037286273,0.590537663943,1.45574400879,0.0240335095791,0.0274668680904,4.37066538488,1.90551397377,0.727872004395,2.37588408982,1.58277827371,0,0.600837739477,1.85744695461,0.940740232095,0.377669436243,0.0412003021355,0.0171667925565,0.0652338117146,1.08494128957,0.384536153265,0.230035020257,0.463503399025,0.624871249056,23898,5228,29126
TamingOfTheShrew.txt,tamingoftheshrew,tamingoftheshrew_Docuscope.html,0,2.53463602146,24.4534315688,0,1.68174901898,0.120124929927,0.128133258589,0,0.136141587251,0,0.0040041643309,0.476495555378,0.232241531192,0.17618323056,0.652678785937,0.932970289101,0,0.780812044526,0.172179066229,0.516537198687,0.00800832866181,0.00800832866181,0.0560583006327,0.0360374789781,0.0040041643309,1.34139505085,0.368383118443,0,1.75782814127,0.00800832866181,6.17842556259,0,0.0600624649636,0,0.0240249859854,0.124129094258,0.136141587251,0,3.1873148074,0,0.208216545207,0,0.504524705694,0.372387282774,0.680707936254,1.0490910547,0,0.492512212701,0.0120124929927,0.780812044526,1.38544085849,0.500520541363,0.0120124929927,0.492512212701,0.993032754064,0.0360374789781,0.240249859854,0,0,0.00800832866181,0.240249859854,2.01809882278,0.164170737567,0.380395611436,0.040041643309,0.97301193241,1.81789060623,3.47161047489,0.0240249859854,0.0240249859854,2.54664851446,0,0,0.744774565548,0.0320333146472,0.312324817811,0.0320333146472,1.34940337951,0.652678785937,0.0200208216545,3.29943140867,0,0.0320333146472,1.43749499479,0.0600624649636,0.0440458076399,0.196204052214,0,0,0.0120124929927,3.36349803796,2.33042364059,0.248258188516,0.304316489149,1.50956995275,0.136141587251,0.136141587251,0.48850804837,1.76583646993,0.0240249859854,0.0520541363018,3.6798270201,1.41347000881,0.744774565548,2.04612797309,1.28934091455,0,0.436453912069,2.02210298711,1.18923680628,0.224233202531,0.040041643309,0.0280291503163,0.0520541363018,0.776807880195,0.332345639465,0.240249859854,0.39641226876,0.740770401217,20327,4647,24974
Tempest.txt,tempest,tempest_Docuscope.html,0,1.34111384111,25.9111384111,0,2.18570843571,0.0716625716626,0.158681408681,0.0307125307125,0.36855036855,0,0,0.440212940213,0.240581490581,0.12285012285,0.337837837838,1.15683865684,0,0.895782145782,0.148443898444,0.399262899263,0.020475020475,0.0307125307125,0.0358312858313,0.0153562653563,0,1.42301392301,0.45045045045,0.00511875511876,1.76085176085,0,4.87305487305,0,0.0665438165438,0,0,0.168918918919,0.230343980344,0,3.18386568387,0,0.2457002457,0,0.404381654382,0.399262899263,0.972563472563,1.11076986077,0,0.670556920557,0.0153562653563,0.614250614251,1.8018018018,0.588656838657,0,0.419737919738,1.49467649468,0.0563063063063,0.307125307125,0,0.00511875511876,0,0.266175266175,2.59520884521,0.0870188370188,0.322481572482,0.0307125307125,0.537469287469,1.45884520885,2.20106470106,0,0.00511875511876,1.73013923014,0,0,0.496519246519,0.0153562653563,0.476044226044,0.0307125307125,1.18243243243,0.972563472563,0.020475020475,2.39045864046,0,0.0153562653563,1.04422604423,0.0921375921376,0.102375102375,0.36855036855,0,0,0.00511875511876,3.39373464373,2.50819000819,0.0870188370188,0.291769041769,1.42813267813,0.0870188370188,0.312244062244,0.429975429975,1.68407043407,0,0.0255937755938,4.48402948403,1.80692055692,0.778050778051,2.60544635545,1.34623259623,0,0.634725634726,2.0730958231,1.44860769861,0.240581490581,0.0460687960688,0.020475020475,0.0307125307125,0.742219492219,0.348075348075,0.3276003276,0.476044226044,0.716625716626,16092,3444,19536
TimonOfAthens.txt,timonofathens,timonofathens_Docuscope.html,0,1.8,24.9255813953,0,2.80930232558,0.13488372093,0.320930232558,0.0186046511628,0.2,0,0,0.232558139535,0.283720930233,0.0651162790698,0.33488372093,1.58604651163,0,1.01860465116,0.125581395349,0.488372093023,0.0139534883721,0.0093023255814,0.0744186046512,0,0.0093023255814,1.41860465116,0.246511627907,0.0093023255814,1.9023255814,0.0279069767442,6.15348837209,0.0093023255814,0.0837209302326,0,0.0279069767442,0.106976744186,0.2,0.0139534883721,2.47906976744,0,0.293023255814,0.0139534883721,0.497674418605,0.302325581395,0.813953488372,1.37674418605,0,0.846511627907,0.0139534883721,0.883720930233,1.55348837209,0.376744186047,0.0046511627907,0.506976744186,1.0511627907,0.0325581395349,0.279069767442,0,0,0,0.358139534884,3.13488372093,0.2,0.404651162791,0.0186046511628,0.660465116279,2.00465116279,1.91627906977,0.0139534883721,0.0186046511628,1.95813953488,0,0.0139534883721,0.367441860465,0.0279069767442,0.441860465116,0.0232558139535,1.08837209302,0.837209302326,0.0232558139535,2.95813953488,0,0.0279069767442,0.883720930233,0.0279069767442,0.0186046511628,0.311627906977,0,0,0.0372093023256,3.76744186047,2.26046511628,0.153488372093,0.227906976744,1.58139534884,0.0651162790698,0.241860465116,0.497674418605,1.46046511628,0,0.0139534883721,3.60930232558,1.22325581395,0.502325581395,1.7488372093,1.15348837209,0,0.781395348837,3.0976744186,1.30697674419,0.195348837209,0.0139534883721,0.0093023255814,0.0046511627907,0.558139534884,0.306976744186,0.358139534884,0.497674418605,0.609302325581,17785,3715,21500
TitusAndronicus.txt,titusandronicus,titusandronicus_Docuscope.html,0,2.55454352891,25.8928193179,0,1.75810209701,0.0847278119043,0.275365388689,0,0.0720186401186,0,0,0.377038762974,0.338911247617,0.148273670832,0.334674857022,1.30057191273,0.00847278119043,0.648167761068,0.144037280237,0.470239356069,0,0.0296547341665,0.0466002965473,0.0466002965473,0,1.30480830333,0.258419826308,0,1.4149544588,0.0169455623809,5.56238085151,0.0254183435713,0.131328108452,0,0.0127091717856,0.0508366871426,0.216055920356,0,2.5630163101,0,0.355856809998,0,0.415166278331,0.449057403093,0.872696462614,1.1480618513,0.00423639059521,0.915060368566,0,0.571912730354,1.38106333404,0.567676339759,0.00423639059521,0.432111840712,1.14382546071,0.0211819529761,0.347384028807,0,0,0,0.554967167973,2.80449057403,0.20334674857,0.262656216903,0.10590976488,0.622749417496,1.84282990892,2.98241897903,0,0.00423639059521,1.90213937725,0,0,0.656640542258,0.0127091717856,0.321965685236,0.0127091717856,0.940478712137,0.728659182377,0.0381275153569,2.40203346749,0,0.0720186401186,1.16924380428,0.0635458589282,0.10590976488,0.224528701546,0,0,0.00847278119043,3.8085151451,2.20715950011,0.156746452023,0.317729294641,1.48697309892,0.0550730777378,0.741368354162,0.470239356069,1.35140859987,0.0254183435713,0.0677822495234,4.26180893878,1.66066511332,0.550730777378,2.14785003177,1.42766363059,0,0.703240838805,2.44439737344,1.16500741368,0.148273670832,0.0127091717856,0.0127091717856,0,0.542257996187,0.296547341665,0.266892607498,0.355856809998,0.554967167973,19734,3871,23605
TroilusAndCressida.txt,troilusandcressida,troilusandcressida_Docuscope.html,0,2.24520605146,26.1876465487,0,2.70773777021,0.0449683615456,0.244113962676,0,0.144541162111,0,0,0.30835447917,0.15096521376,0.112420903864,0.56210451932,1.07602865127,0.0128481032988,0.953971669932,0.105996852215,0.430411460508,0.0385443098963,0,0.0385443098963,0.0160601291234,0,1.2880223557,0.292294350047,0,1.8212186426,0.00642405164938,4.87264317605,0,0.141329136286,0,0.0289082324222,0.0835126714419,0.244113962676,0,1.93685157229,0.00963607747406,0.324414608293,0,0.501076028651,0.51392413195,0.71949378473,0.995728005653,0,0.896155205088,0.00642405164938,0.741977965503,1.80515851347,0.539620338548,0.00321202582469,0.56210451932,1.14348119359,0.0546044390197,0.147753187936,0,0.00321202582469,0.00963607747406,0.391867150612,2.79125044165,0.343686763242,0.269810169274,0.0899367230913,1.03427231555,1.99466803713,1.98503195966,0.00321202582469,0.0128481032988,1.81479459095,0,0,0.587800725918,0.0128481032988,0.346898789066,0.00642405164938,1.28481032988,0.648829216587,0.0128481032988,2.96791186201,0,0.0321202582469,0.71949378473,0.0289082324222,0.0192721549481,0.170237368708,0,0,0.0128481032988,3.30196254778,2.39617126522,0.15738926541,0.436835512158,1.85333890084,0.0449683615456,0.167025342884,0.430411460508,1.26875020075,0,0.0289082324222,4.05357659076,1.61886101564,0.571740596794,2.02036424373,1.67667748049,0,0.66488934571,2.73985802846,1.33620274307,0.221629781903,0.0160601291234,0.0192721549481,0.00642405164938,0.456107667106,0.30835447917,0.221629781903,0.414351331385,0.912215334211,25526,5607,31133
TwelfthNight.txt,twelfthnight,twelfthnight_Docuscope.html,0,1.38260538666,24.1300579257,0,2.17326962919,0.0634222654433,0.28328611898,0.00845630205911,0.105703775739,0,0,0.431271405015,0.236776457655,0.126844530887,0.47355291531,0.938649528561,0.0126844530887,0.883683565177,0.224092004566,0.545431482813,0.076106718532,0.0126844530887,0.0422815102955,0.038053359266,0,1.76313897932,0.266373514862,0,2.10561921272,0.0253689061773,6.24497907065,0.0211407551478,0.156441588094,0,0.00845630205911,0.169126041182,0.169126041182,0,3.23453553761,0.0253689061773,0.308655025157,0,0.312883176187,0.334023931335,0.600397446197,1.19656674136,0.00422815102955,0.257917212803,0,0.66381971164,1.65320705256,0.460868462221,0,0.608853748256,0.807576846645,0.0211407551478,0.219863853537,0,0.00422815102955,0,0.397446196778,2.574943977,0.274829816921,0.388989894719,0.0718785675024,0.782207940468,1.83501754683,3.30641410511,0,0.0803348695615,2.09293475963,0,0,0.744154581202,0.0465096613251,0.448184009133,0.038053359266,1.04858145533,0.75683903429,0,3.09923470466,0,0.0591941144138,1.09931926768,0.038053359266,0.0972474736798,0.312883176187,0,0,0.0253689061773,3.18379772525,2.20709483743,0.211407551478,0.334023931335,1.79273603653,0.126844530887,0.181810494271,0.422815102955,2.10139106169,0.0126844530887,0.0253689061773,3.1330599129,1.28535791298,0.608853748256,1.81810494271,1.54750327682,0,0.66381971164,2.55803137288,1.3445520274,0.253689061773,0.0169126041182,0.0253689061773,0.00845630205911,0.655363409581,0.28328611898,0.350936535453,0.553887784872,0.841402054881,19446,4205,23651
TwoGentlemenOfVerona.txt,twogentlemenofverona,twogentlemenofverona_Docuscope.html,0,1.23693123251,21.827909488,0,1.87503067786,0.171796004516,0.196338290875,0.0196338290875,0.220880577235,0,0,0.510479556275,0.161979089972,0.122711431797,0.589014872626,0.922789967113,0,0.873705394395,0.137436803613,0.530113385363,0.0147253718156,0.039267658175,0.0294507436313,0.0441761154469,0,1.6590585579,0.343592009032,0,1.88975604967,0.00981691454376,6.17483924802,0.0147253718156,0.152162175428,0,0.0196338290875,0.201246748147,0.240514406322,0.0245422863594,3.34265940215,0.0147253718156,0.294507436313,0,0.353408923575,0.412310410838,0.780444706229,0.88843076621,0.0245422863594,0.387768124478,0.00490845727188,0.746085505326,1.57561478427,0.520296470819,0.00490845727188,0.593923329897,0.711726304423,0.00981691454376,0.274873607225,0,0,0,0.353408923575,2.27261571688,0.348500466303,0.299415893585,0.0638099445344,0.996416826192,2.26770725961,2.73401070044,0.0147253718156,0.0245422863594,3.2297648849,0,0,0.657733274432,0,0.539930299907,0,1.21729740343,0.858980022579,0.0196338290875,3.47027929122,0,0.0981691454376,1.43326952339,0.00981691454376,0.0589014872626,0.299415893585,0,0,0.00490845727188,3.50954694939,2.65547538409,0.142345260885,0.304324350857,2.01737593874,0.0981691454376,0.446669611741,0.623374073529,2.14990428508,0.0147253718156,0.0196338290875,3.06778579492,1.23693123251,0.559564128994,1.89466450695,1.61979089972,0,0.760810877141,2.38551023413,1.08967751436,0.377951209935,0.0441761154469,0.00981691454376,0.00981691454376,0.539930299907,0.373042752663,0.323958179944,0.461394983557,0.795170078044,16895,3478,20373
WintersTale.txt,winterstale,winterstale_Docuscope.html,0,1.3029535865,24.5097046414,0,2.49451476793,0.0337552742616,0.195780590717,0,0.381434599156,0,0,0.637974683544,0.351054852321,0.0877637130802,0.482700421941,1.04641350211,0.00337552742616,1.23206751055,0.24641350211,0.573839662447,0.0270042194093,0.0168776371308,0.0135021097046,0.0135021097046,0,1.65063291139,0.266666666667,0,2.16371308017,0.00675105485232,5.31983122363,0.0168776371308,0.172151898734,0,0.0337552742616,0.15864978903,0.263291139241,0,2.53502109705,0.020253164557,0.273417721519,0.020253164557,0.330801687764,0.492827004219,0.827004219409,0.978902953586,0.0101265822785,0.64135021097,0.00675105485232,0.955274261603,1.60337552743,0.502953586498,0,0.526582278481,0.854008438819,0.064135021097,0.216033755274,0,0,0.00675105485232,0.317299578059,2.20421940928,0.232911392405,0.435443037975,0.020253164557,0.42194092827,1.91054852321,3.14599156118,0.00337552742616,0.020253164557,1.6776371308,0,0,0.499578059072,0.0270042194093,0.570464135021,0.0168776371308,1.4447257384,1.01265822785,0,2.15696202532,0,0.0776371308017,1.14430379747,0.0573839662447,0.0810126582278,0.209282700422,0,0,0.0168776371308,3.58481012658,2.9029535865,0.20253164557,0.259915611814,1.79578059072,0.0877637130802,0.33417721519,0.526582278481,1.98818565401,0.0438818565401,0.0135021097046,3.35864978903,1.18481012658,0.739240506329,2.09620253165,1.43459915612,0,0.604219409283,2.22784810127,1.4582278481,0.199156118143,0.020253164557,0.0270042194093,0.0337552742616,0.675105485232,0.239662447257,0.428691983122,0.587341772152,0.671729957806,24643,4982,29625
